ENVIRONMENTAL PROTECTION DEPARTMENT,,,,,,,,,,,,,,,
"HONG KONG SPECIAL ADMINISTRATIVE REGION, CHINA",,,,,,,,,,,,,,,
,,,,,,,,,,,,,,,
Hourly API (1 November 1999 - 30 November 1999),,,,,,,,,,,,,,,
Note: 1. The EPD has been reporting API for individual stations on an hourly basis since 1 July 1999.,,,,,,,,,,,,,,,
           2. Empty cells mean that API data are not available for that period.,,,,,,,,,,,,,,,
,,,,,,,,,,,,,,,
,,Roadside API,,,General API,,,,,,,,,,
Date,Hour,Causeway Bay,Central,Mong Kok,Central/Western,Eastern,Kwai Chung,Kwun Tong,Sha Tin,Sham Shui Po,Tai Po,Tap Mun,Tsuen Wan,Tung Chung,Yuen Long
01/11/1999,0,,51,,43,,36,48,,46,36,33,,33,35
,1,,51,,42,,36,49,,46,36,33,,32,35
,2,,51,,42,,36,50,,46,35,32,,31,35
,3,,51,,42,,38,51,,45,35,31,,31,35
,4,,52,,42,,39,52,,46,35,30,,31,35
,5,,51,,42,,39,52,,46,35,29,,31,35
,6,,51,,42,,39,51,,45,34,28,,31,35
,7,,51,,42,,39,51,,44,33,27,,31,35
,8,,51,,43,,39,51,,44,33,26,,31,37
,9,,51,,43,,39,51,,44,33,26,,31,37
,10,,51,,43,,40,51,,43,33,28,,31,39
,11,,51,,43,,40,50,,43,34,31,,31,41
,12,,51,,44,,40,50,,43,34,33,,34,42
,13,,52,,44,,41,50,,43,34,35,,33,43
,14,,53,,45,28,41,50,,42,35,37,,35,43
,15,70,54,51,45,35,41,51,38,44,35,37,32,36,44
,16,70,54,53,46,35,41,51,38,44,36,35,32,37,45
,17,71,54,55,45,34,40,50,39,43,37,34,33,38,46
,18,70,54,57,45,33,40,49,40,43,38,33,33,40,46
,19,71,53,57,45,32,39,49,39,43,39,29,33,41,47
,20,71,53,56,44,31,,48,38,42,40,28,33,43,
,21,72,52,55,44,31,,48,37,41,40,26,34,44,
,22,73,52,55,43,30,,48,37,41,41,27,35,46,
,23,73,52,54,43,31,,47,36,41,42,28,35,47,
02/11/1999,0,74,52,55,43,31,,47,36,41,42,28,36,48,
,1,74,52,54,42,32,,46,36,41,43,28,37,49,
,2,73,52,52,41,33,,45,35,41,43,29,38,50,
,3,73,51,51,41,33,,44,,42,43,29,39,51,
,4,73,51,50,41,34,,43,,42,44,30,39,51,
,5,73,52,50,42,33,,43,,42,45,31,40,51,
,6,73,52,50,42,34,,43,,42,45,32,41,51,
,7,74,52,50,43,35,,44,,42,46,33,41,52,
,8,74,52,51,44,35,,44,,43,47,33,42,52,
,9,75,52,51,45,36,,44,,43,47,34,43,52,53
,10,75,53,51,45,37,,44,,43,47,34,43,53,52
,11,76,53,51,45,37,,45,,44,47,35,43,53,52
,12,76,52,51,45,37,,45,,44,47,35,43,52,52
,13,77,52,51,45,38,,46,,44,47,35,43,52,51
,14,77,52,51,44,38,,46,,44,46,35,43,52,51
,15,77,52,51,45,39,,46,,44,47,35,43,52,52
,16,78,53,50,45,39,,45,,44,47,35,43,52,52
,17,79,53,50,46,39,,46,,45,46,36,43,52,52
,18,80,54,50,46,40,,46,,45,45,35,43,51,52
,19,80,54,50,46,40,,46,,45,44,35,43,51,53
,20,80,54,50,46,40,,46,,45,43,35,43,51,53
,21,79,54,50,46,40,,46,,45,42,35,42,51,52
,22,79,54,51,46,40,,47,,44,41,35,42,51,52
,23,80,55,52,46,41,,47,,44,40,35,41,51,52
03/11/1999,0,81,56,51,46,,,46,43,44,40,35,41,50,52
,1,82,55,51,47,,,46,43,44,39,35,41,50,52
,2,83,55,52,47,,,46,42,44,39,35,41,50,52
,3,84,56,52,47,,41,45,42,43,39,35,40,50,52
,4,85,56,52,46,,40,45,41,43,38,34,40,50,52
,5,85,56,52,46,,39,46,41,43,38,34,40,49,51
,6,85,56,53,47,,39,46,41,43,38,34,40,49,51
,7,85,56,54,47,,39,47,41,43,38,35,40,49,51
,8,85,57,54,47,,39,48,41,44,38,35,41,48,51
,9,85,57,55,47,,39,48,41,44,39,35,41,48,50
,10,84,58,56,48,,40,48,42,45,38,36,42,48,50
,11,84,58,56,48,,41,48,43,45,39,39,41,49,51
,12,83,58,56,48,,41,49,43,46,39,44,42,49,51
,13,82,59,55,48,,41,49,44,46,39,45,42,48,51
,14,82,59,54,49,,42,49,44,46,39,48,42,47,51
,15,81,59,55,49,,42,49,44,46,39,49,41,47,50
,16,80,58,56,49,,42,50,45,46,40,49,42,47,51
,17,79,58,57,49,,47,50,45,47,41,41,42,46,51
,18,79,59,58,49,,50,50,45,47,45,40,43,47,51
,19,79,60,59,50,,45,51,47,48,45,38,44,47,52
,20,78,61,59,50,,46,51,48,49,47,38,45,48,52
,21,78,62,60,51,,46,51,49,49,49,39,46,48,52
,22,79,62,61,51,,47,52,50,50,50,40,47,48,53
,23,78,62,62,52,,48,52,51,51,51,43,47,48,53
04/11/1999,0,77,62,63,52,,49,53,51,51,51,48,48,49,54
,1,77,62,64,52,56,50,53,52,52,52,45,49,50,54
,2,77,62,65,53,56,51,54,53,53,52,47,50,50,54
,3,77,61,66,53,56,51,54,53,53,53,47,51,51,55
,4,77,62,66,54,56,51,55,53,54,53,48,52,51,55
,5,78,62,66,54,56,52,55,53,54,54,48,52,52,55
,6,78,64,67,54,56,52,55,54,54,54,49,52,52,55
,7,78,64,68,54,56,52,55,54,54,55,49,53,52,55
,8,78,64,68,54,56,53,55,54,55,55,50,53,53,55
,9,79,63,69,54,56,53,57,54,55,55,50,53,53,56
,10,79,63,69,54,,53,56,54,55,55,50,53,53,56
,11,78,63,69,54,,53,57,54,55,55,50,53,52,56
,12,78,63,69,54,,53,56,54,54,55,50,53,52,55
,13,78,62,69,54,55,52,56,54,54,55,50,53,52,55
,14,77,62,69,54,55,53,56,54,54,54,50,53,52,55
,15,77,61,69,53,55,53,56,54,54,54,51,53,52,55
,16,76,62,69,54,55,53,56,54,54,54,52,53,51,54
,17,76,62,69,54,55,52,56,53,54,54,51,53,51,54
,18,77,61,69,53,55,52,55,53,54,53,50,53,51,53
,19,77,60,69,53,55,52,56,53,54,53,50,52,51,53
,20,77,60,69,52,54,51,56,52,54,52,51,52,51,53
,21,77,59,69,52,54,51,55,52,54,51,51,52,51,52
,22,76,58,69,52,53,51,54,51,54,51,51,52,51,52
,23,76,57,69,51,52,51,53,51,53,51,51,52,51,52
05/11/1999,0,76,57,69,51,51,50,53,50,53,51,50,52,51,51
,1,76,57,69,50,51,50,53,49,52,51,50,51,50,51
,2,76,57,70,50,51,49,53,48,52,51,50,51,50,51
,3,77,56,70,49,51,49,53,48,52,50,50,51,49,52
,4,77,55,71,49,51,49,53,49,52,50,51,51,48,52
,5,76,54,71,49,51,49,53,49,52,50,51,50,48,53
,6,76,54,71,49,51,49,54,49,52,50,51,50,48,53
,7,76,54,71,49,51,49,53,49,52,49,51,50,49,54
,8,76,54,70,49,50,49,53,49,52,49,52,50,48,54
,9,76,54,70,49,50,49,53,49,52,49,52,50,47,54
,10,75,54,70,49,50,49,53,49,52,49,52,50,48,53
,11,75,54,70,49,50,49,53,49,52,49,52,50,48,53
,12,75,53,70,49,50,49,53,49,52,49,52,51,47,53
,13,75,53,70,49,50,48,53,49,52,49,52,50,47,53
,14,75,53,69,48,50,48,53,49,53,49,52,50,47,53
,15,76,54,68,49,50,47,54,49,53,49,52,50,47,53
,16,76,53,68,49,50,47,53,49,53,49,52,50,47,53
,17,76,53,68,48,50,48,53,49,53,49,51,51,47,53
,18,75,53,68,48,50,48,53,49,53,49,51,51,47,53
,19,75,53,68,48,50,47,52,49,53,49,51,51,47,53
,20,74,53,67,48,49,47,52,49,53,49,50,51,47,53
,21,74,53,67,48,49,47,51,49,52,48,50,50,46,53
,22,74,53,66,48,49,47,51,,52,48,50,50,46,52
,23,75,53,66,47,49,47,51,,52,47,49,50,45,52
06/11/1999,0,75,53,66,47,,47,50,,52,47,49,50,45,52
,1,75,53,66,47,,47,50,,52,46,48,50,45,51
,2,75,52,65,48,48,46,50,,52,46,47,50,45,51
,3,74,53,64,48,47,46,50,,51,45,46,50,44,50
,4,74,53,64,48,46,46,49,,51,44,45,49,44,49
,5,74,53,63,48,45,45,49,,51,44,45,48,43,47
,6,74,53,62,48,44,44,48,,50,43,44,47,42,45
,7,74,53,61,48,44,43,48,,50,42,43,47,40,43
,8,74,53,61,48,43,42,47,,49,41,42,46,40,42
,9,74,54,61,46,43,41,47,,48,40,42,46,38,41
,10,73,54,61,45,43,41,47,,47,39,41,45,37,40
,11,72,55,61,45,42,41,46,,47,39,41,45,37,40
,12,72,57,62,45,42,42,46,,47,39,40,44,38,40
,13,72,58,62,45,42,42,46,,46,39,44,44,39,41
,14,73,60,63,46,42,42,46,,46,39,46,44,40,42
,15,73,62,64,46,42,42,45,,46,40,44,44,41,44
,16,72,63,63,46,42,42,45,,46,40,47,44,41,45
,17,72,64,62,46,41,42,45,,46,40,50,44,42,45
,18,72,65,62,47,42,42,45,,47,40,50,50,42,46
,19,73,66,62,47,42,43,46,,47,40,53,46,43,47
,20,72,66,62,48,42,43,46,,47,41,43,47,42,48
,21,73,67,62,48,42,43,46,,47,41,41,47,43,48
,22,72,67,63,48,42,43,46,,47,40,41,47,43,49
,23,72,67,63,48,42,43,47,,47,40,41,47,42,48
07/11/1999,0,72,67,63,48,42,43,47,47,47,40,40,47,42,48
,1,72,68,63,47,42,43,47,46,47,40,40,47,42,48
,2,72,68,63,46,43,43,47,45,47,40,39,47,42,48
,3,73,68,64,45,,43,47,44,47,39,39,47,42,48
,4,73,68,64,44,,42,47,43,47,39,39,47,42,47
,5,73,68,64,43,,42,47,42,46,39,39,47,41,47
,6,73,67,64,42,,42,47,42,46,39,38,47,41,47
,7,73,67,63,42,,42,46,41,46,39,38,47,41,47
,8,72,66,63,41,,41,46,41,46,38,37,47,41,46
,9,71,65,62,40,,41,45,40,46,38,37,46,41,46
,10,71,65,61,40,,40,44,40,45,37,38,45,40,45
,11,71,64,60,39,,40,44,39,45,37,43,45,40,44
,12,72,64,59,39,,39,44,39,45,37,45,45,40,44
,13,71,62,58,38,,39,43,38,45,37,45,45,41,43
,14,70,61,57,37,,39,43,37,45,36,49,45,38,43
,15,70,60,56,37,,38,44,37,45,36,56,44,37,41
,16,70,58,55,36,,38,43,40,44,35,52,45,36,40
,17,70,57,55,35,,38,43,35,44,34,48,45,35,40
,18,70,56,55,35,,37,43,38,43,34,47,44,34,39
,19,70,54,55,34,,36,43,34,42,33,42,43,33,38
,20,70,53,54,33,,36,43,33,42,33,36,42,34,37
,21,69,52,54,33,,35,43,33,41,32,36,42,33,36
,22,69,51,53,32,,34,43,32,41,32,37,41,32,36
,23,69,51,53,32,,34,42,32,41,32,38,41,32,36
08/11/1999,0,69,50,52,32,,34,43,32,41,32,38,41,32,35
,1,68,49,52,32,,34,42,32,40,32,35,41,32,35
,2,68,49,51,32,,33,42,33,40,32,34,41,32,35
,3,68,49,51,31,,33,43,32,40,32,34,41,32,35
,4,68,49,51,31,,33,43,32,40,32,34,41,32,36
,5,68,50,51,31,,33,43,32,40,33,35,41,32,36
,6,67,51,51,31,,34,42,33,40,33,35,41,32,38
,7,67,52,51,31,,34,43,34,41,35,36,41,33,39
,8,68,54,52,31,,36,43,35,42,37,36,41,35,41
,9,68,54,52,32,,37,43,36,43,38,37,41,36,42
,10,69,55,53,32,,38,43,38,44,39,37,43,38,44
,11,69,55,54,32,,40,43,39,44,40,38,44,41,46
,12,70,56,55,31,,41,44,40,45,41,39,45,42,48
,13,71,57,56,32,42,42,44,41,46,42,43,45,44,48
,14,71,57,57,31,43,42,44,42,46,43,46,45,44,47
,15,71,58,57,32,43,42,43,41,46,43,47,45,44,47
,16,71,57,59,33,43,42,44,42,46,43,43,45,44,46
,17,72,58,60,35,43,43,44,43,47,44,51,45,44,46
,18,72,59,61,36,42,44,45,44,47,45,54,46,45,48
,19,72,60,61,36,42,45,45,45,48,46,42,47,46,50
,20,71,60,61,36,42,45,45,45,48,46,43,47,46,50
,21,71,60,62,36,42,45,45,45,49,47,43,48,47,51
,22,72,60,61,37,42,46,46,46,49,47,43,48,48,52
,23,72,60,61,37,42,47,46,47,50,48,44,48,49,52
09/11/1999,0,72,60,61,38,43,47,46,48,50,48,44,49,50,52
,1,73,60,61,39,43,48,47,48,51,49,44,49,50,52
,2,73,62,61,40,44,49,48,49,51,49,44,50,50,52
,3,74,64,60,41,45,49,49,49,51,50,44,50,51,52
,4,75,66,60,42,46,50,50,49,51,50,44,50,51,53
,5,75,68,59,43,47,50,50,49,52,50,45,51,51,53
,6,76,70,59,45,47,50,51,50,52,50,45,51,52,52
,7,76,70,58,45,48,50,51,50,52,49,45,51,52,52
,8,76,70,58,46,49,51,51,50,52,49,46,51,51,52
,9,77,,58,47,50,51,51,50,52,49,46,51,51,52
,10,78,,58,48,50,51,51,50,52,49,46,51,51,53
,11,79,,57,49,49,50,50,49,53,49,46,51,51,53
,12,79,,57,50,49,50,50,49,53,48,47,51,51,53
,13,80,,58,51,49,51,51,49,53,48,47,51,51,53
,14,80,,59,51,50,52,51,50,54,49,47,51,52,54
,15,81,,59,51,50,52,51,51,54,50,48,52,52,55
,16,81,,60,52,51,53,52,51,55,50,48,53,52,56
,17,81,,61,52,51,53,52,51,55,50,48,54,53,56
,18,81,,62,52,52,53,53,51,55,51,52,54,53,56
,19,82,,62,53,53,53,54,52,56,51,52,54,53,56
,20,84,,63,54,54,54,55,53,57,52,52,54,53,56
,21,85,,64,56,56,55,56,54,58,52,53,55,55,57
,22,86,,65,57,57,55,58,55,59,53,54,56,55,57
,23,87,,66,58,58,56,59,56,60,54,55,57,57,58
10/11/1999,0,88,,67,59,59,57,60,57,61,55,56,58,58,59
,1,89,,66,60,60,58,60,58,62,56,57,59,59,60
,2,90,,66,61,61,59,61,59,63,57,58,60,59,61
,3,90,,68,61,61,59,62,60,64,58,59,61,60,62
,4,91,,70,62,62,60,63,61,64,59,60,61,61,62
,5,91,,71,62,62,61,63,61,65,59,61,62,61,63
,6,91,,71,63,63,61,63,62,65,60,61,63,62,63
,7,92,,71,63,62,61,63,62,65,60,61,63,62,63
,8,93,,70,63,62,61,63,61,65,60,61,63,62,63
,9,92,,70,63,62,61,63,61,65,60,61,63,61,63
,10,92,,69,62,62,61,63,61,65,59,61,63,61,63
,11,91,,70,62,62,60,63,60,65,59,,62,60,63
,12,89,,70,61,62,60,63,60,65,58,,62,60,62
,13,88,,70,61,62,60,62,60,64,58,,62,59,62
,14,88,,70,60,62,59,62,60,64,58,,61,58,62
,15,87,,69,60,62,59,62,59,63,58,,61,58,61
,16,87,,68,59,61,58,61,59,63,57,61,60,57,60
,17,86,,68,59,61,58,61,59,62,57,61,59,57,60
,18,86,,69,58,60,57,60,58,62,56,60,58,57,59
,19,85,,70,58,59,57,59,58,61,56,59,58,57,58
,20,84,,69,57,58,56,58,57,60,55,58,57,56,57
,21,83,,69,56,57,55,57,56,59,55,56,56,55,57
,22,81,,69,55,56,55,56,54,58,54,55,55,55,56
,23,80,,69,54,55,54,55,53,57,53,54,54,54,55
11/11/1999,0,79,,70,53,54,53,54,52,56,52,53,53,53,54
,1,78,,70,52,54,52,53,51,55,51,52,52,52,53
,2,78,,70,51,53,51,52,50,54,50,51,51,51,52
,3,77,,70,50,53,50,51,49,53,49,50,50,50,51
,4,76,,70,48,52,49,50,47,52,47,48,50,49,50
,5,76,,70,47,,47,51,45,52,45,46,49,48,48
,6,76,,70,46,,46,50,44,51,44,45,49,47,47
,8,76,,70,46,,46,50,44,51,43,43,49,46,45
,9,75,,71,45,,46,51,44,51,43,43,49,45,45
,10,76,,70,46,,46,52,44,51,43,45,49,45,45
,11,76,,71,46,,47,52,44,51,43,47,49,44,45
,12,76,,71,46,,47,52,44,51,43,48,49,44,45
,13,76,64,71,47,,46,53,44,51,42,52,49,43,44
,14,77,66,71,47,47,47,53,44,51,42,53,50,43,45
,15,77,67,71,48,48,48,53,44,52,42,51,51,43,45
,16,78,69,71,49,48,48,53,44,52,42,52,52,43,47
,17,78,70,70,49,48,49,54,44,52,42,54,53,43,48
,18,79,71,70,50,48,49,54,45,53,43,53,53,43,48
,19,79,72,69,50,48,50,54,45,53,42,50,54,42,49
,20,80,72,69,50,49,51,55,46,53,42,48,55,42,50
,21,80,72,70,51,49,52,55,46,53,42,49,55,42,50
,22,80,70,69,51,49,52,55,46,54,42,43,56,41,50
,23,81,70,69,51,49,52,55,46,55,42,43,55,41,50
12/11/1999,0,81,70,69,51,49,52,56,46,55,42,43,55,41,50
,1,81,70,68,51,50,50,56,46,54,42,43,55,41,50
,2,81,70,68,51,50,50,56,46,54,42,43,55,42,50
,3,82,70,68,51,50,50,56,47,54,42,42,55,43,51
,4,83,70,68,51,51,51,56,47,54,42,43,55,43,51
,5,83,70,67,52,51,51,56,48,55,42,42,55,42,51
,6,83,70,66,52,51,51,55,48,55,42,41,55,42,51
,7,82,70,66,52,51,51,55,47,54,41,40,55,41,50
,8,81,69,65,51,51,50,55,45,54,40,39,55,41,49
,9,79,69,64,51,50,50,54,44,53,39,37,55,41,47
,10,78,68,64,50,48,49,53,43,52,38,36,54,42,46
,11,76,68,63,48,47,49,53,42,52,37,34,53,43,46
,12,75,67,63,46,47,49,52,40,51,36,33,52,44,45
,13,74,66,63,45,46,49,51,39,50,35,32,52,44,44
,14,73,65,62,44,46,49,51,38,49,34,31,50,44,43
,15,72,64,61,43,46,48,49,37,48,33,30,48,44,42
,16,71,62,61,43,45,47,48,36,47,32,28,46,43,40
,17,69,61,60,41,44,46,47,35,46,32,27,45,43,39
,18,69,59,59,40,43,44,46,34,44,31,26,43,43,37
,19,68,58,58,39,43,42,45,33,43,30,25,42,42,36
,20,67,57,56,38,42,41,44,33,42,30,24,39,41,35
,21,66,56,54,37,41,39,42,32,41,29,23,38,40,34
,22,66,56,52,36,41,39,41,33,40,30,22,37,39,34
,23,67,55,51,36,40,38,40,33,39,29,22,37,38,34
13/11/1999,0,67,54,50,36,40,38,40,33,38,29,21,37,37,34
,1,66,54,50,37,40,38,40,34,38,30,22,37,37,35
,2,66,54,50,37,,38,40,34,38,30,22,38,36,36
,3,66,54,50,37,,39,40,34,38,31,22,38,36,36
,4,66,53,49,37,,39,40,35,38,31,21,39,36,36
,5,65,53,48,37,,39,40,35,38,31,21,39,35,36
,6,65,53,48,37,,38,39,35,38,31,21,39,35,36
,7,65,52,49,37,,38,38,35,38,31,22,39,35,38
,8,65,52,50,37,,38,37,35,38,31,22,39,35,40
,9,66,53,51,36,,38,38,36,38,33,24,40,35,41
,10,67,54,51,37,,38,39,38,38,34,25,39,35,43
,11,67,55,52,37,,38,41,39,39,35,27,39,35,45
,12,68,56,52,37,,37,42,40,41,36,36,39,35,47
,13,69,56,53,38,,37,44,41,43,36,37,39,36,48
,14,70,57,54,39,,38,45,42,44,38,36,41,37,49
,15,71,58,54,40,,40,46,43,46,39,47,43,39,50
,16,73,59,55,42,,41,47,45,48,40,48,44,41,50
,17,74,60,55,44,,43,49,46,49,42,48,46,42,51
,18,75,61,56,45,,45,50,47,51,43,48,47,44,52
,19,75,61,57,47,,47,51,49,51,45,47,48,45,52
,20,76,62,57,49,,49,51,50,52,46,46,48,47,53
,21,76,63,58,50,,50,52,50,53,47,47,49,48,53
,22,77,63,58,50,,50,52,51,53,47,47,49,49,54
,23,77,64,59,51,,51,52,51,54,48,48,50,50,54
14/11/1999,0,77,65,59,51,55,51,53,51,54,48,50,50,51,54
,1,77,64,59,52,55,52,53,51,55,48,51,50,51,54
,2,78,64,60,52,55,52,54,51,55,49,51,51,51,54
,3,79,64,60,53,55,53,54,52,55,49,52,,52,54
,4,79,63,60,53,55,53,54,52,56,50,52,,52,55
,5,79,64,61,53,55,53,55,53,56,,53,,53,55
,6,80,64,62,54,55,54,55,53,57,,53,,53,55
,7,81,65,63,54,55,54,56,54,57,,53,,53,56
,8,82,65,64,55,55,54,56,54,58,,53,,54,56
,9,82,65,63,55,56,54,57,55,58,,54,,54,56
,10,83,65,63,56,56,55,57,55,59,,54,,54,56
,11,84,66,64,56,56,56,58,56,59,,55,,55,56
,12,85,67,64,57,57,56,,56,60,,55,,55,56
,13,85,68,64,57,56,56,,56,60,,55,,59,57
,14,85,69,64,57,56,57,,57,60,,55,,64,58
,15,85,70,64,57,56,57,,57,60,,57,,56,59
,16,85,70,64,57,56,57,,57,60,,57,,57,60
,17,85,70,63,57,56,57,,57,60,,55,,57,60
,18,86,71,63,57,55,57,,57,59,,54,,58,60
,19,86,72,63,57,55,57,,58,59,,54,,59,60
,20,86,73,63,57,55,57,,58,59,,53,,59,60
,21,86,73,63,57,55,57,,58,59,,53,,60,60
,22,87,74,62,57,55,58,,59,59,,52,,61,61
,23,87,75,62,57,55,58,,59,59,,52,,62,61
15/11/1999,0,87,76,62,57,54,58,,59,59,,51,,63,62
,1,87,77,62,57,54,58,,59,59,,51,,63,62
,2,87,79,62,57,54,58,,59,59,,51,,64,62
,3,86,79,62,56,53,59,,59,58,,50,,63,62
,4,85,80,61,56,53,58,,59,58,,49,,63,61
,5,85,80,61,55,52,57,,60,57,,48,,62,61
,6,84,79,60,54,,57,,60,56,,47,,62,60
,7,84,80,59,54,,57,,,56,,46,,61,60
,8,83,81,59,54,,57,,,55,,45,,61,60
,9,83,81,61,53,,58,,56,55,,44,,60,60
,10,81,82,61,53,,58,,56,54,,,,60,60
,11,80,82,62,52,,59,,55,55,,42,,60,59
,12,79,83,63,52,,60,,55,54,,41,,60,59
,13,79,84,64,52,,61,,54,55,,42,,60,59
,14,78,85,66,53,,61,,54,55,,43,,60,58
,15,77,87,68,53,,61,,54,55,,45,,60,57
,16,77,88,68,54,,62,,54,55,,43,,60,57
,17,76,89,69,54,,62,,54,55,,41,,60,57
,18,75,89,69,54,,62,,54,54,,39,,59,57
,19,74,88,69,53,,61,,54,53,,40,,59,57
,20,73,88,68,52,,60,,54,52,,45,,58,57
,21,72,87,68,51,,58,,53,52,,42,,57,57
,22,72,87,68,51,,56,,53,50,,41,,56,56
,23,72,87,67,51,,55,,52,50,,42,,55,56
16/11/1999,0,73,86,66,51,,53,,52,50,,43,,55,56
,1,73,86,65,51,,52,,52,51,,44,,54,56
,2,73,85,65,52,,52,,53,51,,45,,54,56
,3,73,85,64,52,50,52,,53,52,51,47,,54,57
,4,74,85,64,54,51,53,,54,53,52,49,,55,58
,5,74,86,63,55,52,54,,55,54,52,50,,56,59
,6,75,87,63,56,53,54,,56,55,53,51,,57,59
,7,75,87,63,56,54,55,,57,56,54,52,,58,60
,8,75,87,63,57,54,56,,57,57,54,53,,59,61
,9,74,86,62,57,55,57,57,58,58,54,53,,60,62
,10,74,86,62,58,56,57,58,59,58,55,54,,60,62
,11,74,85,63,59,56,58,58,60,59,55,54,,61,63
,12,74,84,64,59,57,58,59,61,60,56,55,,61,63
,13,75,84,65,60,58,59,60,61,60,57,56,,61,63
,14,76,83,66,61,59,59,60,62,61,57,57,,61,64
,15,77,82,66,61,60,60,61,63,62,58,58,,61,64
,16,79,81,67,62,61,61,61,64,62,59,58,,61,65
,17,81,81,68,62,61,61,62,64,63,60,59,,61,65
,18,82,81,68,62,61,62,62,65,64,61,59,,62,65
,19,83,81,69,62,62,62,63,64,64,61,59,,62,66
,20,83,82,69,62,61,62,63,64,64,62,59,,62,66
,21,83,82,69,62,61,62,63,64,64,62,60,,62,66
,22,83,81,69,62,62,62,63,65,65,62,60,,62,66
,23,84,81,69,63,62,62,63,65,65,62,60,,62,66
17/11/1999,0,84,81,69,63,62,62,63,65,65,62,60,,62,66
,1,84,80,69,63,62,62,63,64,65,62,60,,62,65
,2,85,79,70,62,62,61,63,64,65,62,60,,62,65
,3,85,79,70,62,62,61,63,64,65,61,60,,62,64
,4,85,78,70,62,62,61,63,63,64,61,60,,61,64
,5,85,77,71,61,61,61,63,63,64,61,60,,61,63
,6,84,76,72,61,61,61,62,63,64,61,59,,61,63
,7,84,75,73,61,61,61,62,62,63,60,59,,60,63
,8,83,75,73,61,60,60,62,62,63,60,59,,60,62
,9,82,75,72,60,60,60,61,62,62,60,58,,60,62
,10,83,75,69,60,60,59,61,61,62,59,58,62,60,62
,11,81,76,69,60,59,59,61,61,62,60,58,61,60,62
,12,81,77,69,59,59,59,60,61,62,60,58,61,61,62
,13,81,78,69,59,58,59,60,61,62,60,57,61,62,63
,14,81,79,70,59,58,59,60,61,61,60,57,62,62,63
,15,80,80,71,59,58,60,60,61,61,60,56,62,63,62
,16,79,81,70,59,57,60,59,61,61,60,56,62,63,62
,17,77,81,68,59,57,60,59,60,60,60,55,62,63,62
,18,76,81,66,60,57,60,59,60,60,60,55,61,63,62
,19,76,81,65,60,57,60,59,60,60,60,55,61,63,63
,20,76,81,65,60,57,60,60,61,60,60,55,61,64,63
,21,75,80,65,61,57,60,60,61,61,60,56,62,65,64
,22,75,80,65,61,57,60,60,61,61,61,55,62,65,64
,23,75,80,65,61,57,60,60,61,,61,55,62,65,64
18/11/1999,0,75,81,65,61,57,60,60,61,,61,55,62,65,64
,1,76,81,65,61,58,60,60,61,,61,55,62,65,64
,2,76,82,65,61,58,60,60,61,,61,55,62,65,64
,3,76,82,65,61,58,60,60,61,,61,55,62,65,64
,4,76,83,65,61,58,60,60,61,,61,55,62,65,64
,5,77,84,66,61,,60,60,61,,61,55,62,65,64
,6,77,85,66,61,,60,60,61,,61,55,62,65,64
,7,77,85,66,61,,60,60,61,,61,55,62,65,64
,8,77,86,,62,,60,60,61,,61,55,62,65,65
,9,77,86,,62,57,60,61,61,,61,55,62,65,65
,10,77,87,,62,57,60,61,61,,61,55,62,65,65
,11,77,87,67,62,57,60,61,61,,62,55,62,66,65
,12,77,88,67,62,57,60,61,61,,,55,62,66,65
,13,78,86,68,63,57,61,60,61,,,56,63,65,66
,14,81,89,67,64,57,61,60,62,63,,56,64,66,67
,15,82,90,68,65,57,65,60,62,64,,56,65,66,67
,16,81,89,68,65,57,74,60,62,64,,56,66,66,68
,17,81,88,67,64,57,63,60,61,64,,56,67,66,69
,18,81,88,68,64,57,63,61,61,64,,56,67,67,70
,19,82,89,68,63,57,63,61,61,64,,57,67,67,70
,20,82,90,68,63,57,63,61,61,64,,57,68,67,71
,21,83,91,68,63,57,63,61,62,64,,56,68,67,71
,22,84,93,68,63,57,63,61,62,64,,56,68,66,71
,23,84,95,68,63,57,63,60,62,64,,56,68,66,71
19/11/1999,0,84,95,68,63,57,63,60,62,64,,56,68,66,72
,1,84,95,68,63,57,63,60,62,64,,56,68,66,72
,2,84,94,68,63,57,63,60,62,64,,56,67,66,72
,3,84,94,69,63,57,63,60,62,64,,56,67,66,73
,4,84,94,70,62,57,63,60,62,63,,56,67,66,74
,5,83,94,70,62,57,63,60,62,63,,56,67,67,75
,6,83,94,71,62,57,63,60,62,63,,56,67,68,76
,7,84,94,72,62,57,63,60,62,64,,57,67,68,76
,8,84,95,73,62,57,64,60,62,64,69,57,67,68,76
,9,84,95,73,62,57,64,60,62,64,68,57,68,68,76
,10,84,96,73,62,57,64,60,62,64,68,57,68,69,76
,11,84,95,73,62,57,65,60,62,,68,57,69,68,75
,12,83,93,73,62,58,65,60,62,,68,57,68,68,75
,13,83,94,73,61,58,65,60,63,,68,57,67,69,75
,14,83,96,76,61,58,65,61,62,,68,57,66,69,74
,15,84,96,75,61,58,64,62,62,,68,57,66,69,73
,16,84,98,77,61,58,63,62,63,,68,57,66,68,72
,17,85,99,78,62,58,65,62,63,63,68,57,65,68,72
,18,84,101,78,63,58,67,63,64,63,68,57,65,68,72
,19,84,102,79,63,58,68,64,64,65,69,57,65,67,71
,20,85,103,79,64,59,70,64,64,67,69,57,66,68,71
,21,85,104,80,64,59,70,64,64,67,69,57,66,68,71
,22,86,104,80,65,59,71,65,65,68,69,58,66,69,72
,23,85,103,80,65,59,71,65,65,68,69,58,66,69,72
20/11/1999,0,86,104,81,65,60,71,65,66,68,70,58,66,69,72
,1,87,105,81,65,60,71,65,66,66,69,58,67,69,72
,2,88,105,81,65,60,72,66,67,67,68,58,67,69,72
,3,88,106,82,65,60,73,67,67,67,67,59,67,69,72
,4,90,108,82,66,61,73,67,68,68,67,59,67,68,72
,5,90,109,82,66,61,73,67,68,69,66,59,67,68,71
,6,91,110,83,67,61,72,67,68,69,66,59,67,67,71
,7,93,111,83,67,62,72,67,68,69,65,59,68,67,71
,8,93,111,83,68,62,72,68,68,69,65,59,68,67,71
,9,92,110,84,67,62,72,68,68,70,66,59,68,67,71
,10,92,110,84,67,62,72,68,69,70,66,59,68,67,72
,11,91,109,84,67,62,71,68,68,70,66,59,69,67,72
,12,91,109,82,67,62,70,68,68,70,65,59,69,67,72
,13,91,108,81,66,62,71,69,68,70,65,59,69,67,72
,14,90,105,80,66,61,71,68,68,69,64,59,69,67,73
,15,89,103,79,65,61,71,68,67,68,64,59,68,67,74
,16,88,100,77,65,61,68,68,67,67,64,61,68,68,75
,17,88,99,75,64,61,66,68,67,66,64,59,68,68,76
,18,87,97,73,63,61,63,67,66,66,63,58,67,67,75
,19,86,95,71,62,60,62,66,65,64,63,58,66,66,74
,20,86,94,69,61,59,61,65,64,63,62,58,66,65,73
,21,85,92,68,60,58,60,64,63,62,61,57,65,64,72
,22,84,90,,59,58,59,63,61,62,60,56,64,63,71
,23,83,89,,58,58,59,62,60,61,60,56,64,63,70
21/11/1999,0,83,87,,58,58,58,60,59,60,59,55,63,62,69
,1,82,85,,57,58,57,59,58,60,58,55,63,62,68
,2,82,84,,57,58,57,59,57,59,58,55,62,62,68
,3,81,83,,56,,56,59,56,59,57,54,62,61,67
,4,81,81,,55,,56,59,56,58,56,53,62,60,65
,5,80,80,,55,,55,58,55,57,55,53,62,60,65
,6,79,79,,54,,55,58,54,56,54,52,62,59,64
,7,78,77,,53,,54,57,54,56,54,52,61,58,64
,8,78,76,,52,,53,56,53,55,54,52,60,57,64
,9,78,75,,52,,53,55,53,55,53,52,59,57,64
,10,78,74,,52,,53,55,52,54,52,52,59,56,63
,11,78,74,,52,,53,54,52,54,52,52,58,56,63
,12,78,73,,51,,53,55,52,54,52,51,56,55,62
,13,78,72,,51,,52,54,51,53,52,51,55,56,62
,14,78,71,,50,,51,53,51,53,51,51,54,59,61
,15,77,70,,49,,51,52,50,52,51,54,52,64,61
,16,78,70,,48,,51,51,49,52,50,58,,52,60
,17,77,69,,48,,51,51,48,51,49,65,,51,59
,18,78,70,,48,,50,51,48,52,49,62,,51,58
,19,78,70,,48,,50,51,48,52,49,57,,51,58
,20,79,70,,49,,50,51,49,52,50,56,,51,58
,21,79,70,,49,,51,52,49,52,50,55,,51,58
,22,80,70,,50,,51,53,50,53,50,52,,52,58
,23,81,70,,50,,51,53,50,53,50,52,,52,58
22/11/1999,0,81,71,,50,,51,53,50,53,51,51,,52,59
,1,80,72,,50,,51,53,50,53,51,51,,52,59
,2,80,72,,50,,51,52,51,53,51,51,,52,59
,3,80,72,,50,,52,52,51,53,51,51,,52,59
,4,80,72,,50,,52,51,51,53,51,51,,53,59
,5,80,72,,50,,52,51,51,53,51,51,,53,59
,6,80,72,,50,,52,52,52,53,51,51,,53,59
,7,80,73,,50,,53,52,52,54,51,51,,53,59
,8,81,74,,50,,53,53,52,54,51,51,,53,59
,9,81,75,,50,,53,54,52,54,51,51,,54,59
,10,81,75,,50,,52,55,52,54,51,51,,53,58
,11,80,75,63,50,50,52,55,51,54,51,51,57,53,58
,12,80,76,64,50,50,52,55,51,55,51,51,58,53,58
,13,81,76,64,50,50,52,56,51,55,50,52,59,53,57
,14,81,77,65,50,50,51,57,51,56,51,55,57,53,56
,15,82,78,66,50,50,51,57,51,57,51,60,56,53,55
,16,81,78,69,51,50,51,57,51,58,51,62,56,52,54
,17,81,78,69,50,50,51,58,51,58,51,60,57,51,54
,18,81,79,70,50,49,51,58,51,58,51,58,57,50,54
,19,81,79,70,50,48,51,59,51,59,51,51,57,50,54
,20,80,78,70,49,48,50,59,51,59,50,48,57,49,54
,21,80,79,70,49,48,50,59,51,59,49,47,57,49,54
,22,79,80,70,48,48,49,59,50,59,48,46,58,48,54
,23,79,81,70,47,48,49,58,50,59,48,45,59,48,54
23/11/1999,0,78,82,69,47,48,49,58,51,60,47,44,60,47,54
,1,78,83,69,46,49,50,59,,60,46,43,62,46,54
,2,78,84,69,46,50,50,59,,61,45,41,65,45,53
,3,77,85,69,45,52,50,60,,61,45,41,69,45,53
,4,76,86,69,45,,50,61,,63,44,39,72,44,52
,5,76,87,69,45,,51,61,,64,43,38,,43,52
,6,76,88,69,46,,52,61,,65,43,37,,43,52
,7,77,89,69,47,,54,61,,65,42,36,,42,52
,8,77,90,69,48,,55,62,,66,43,35,,42,52
,9,78,91,70,48,50,56,62,42,65,43,35,58,42,53
,10,78,91,70,48,50,56,62,42,65,43,51,58,42,53
,11,79,91,70,48,50,57,62,41,64,42,56,56,41,53
,12,79,91,71,48,51,55,62,40,64,41,60,54,40,52
,13,78,92,71,48,51,54,63,41,63,41,64,53,38,51
,14,79,92,71,48,51,55,62,40,62,40,64,52,36,51
,15,80,91,72,47,52,55,62,39,61,40,68,52,36,51
,16,80,92,72,47,51,53,62,44,59,39,63,51,36,51
,17,80,92,73,46,51,53,62,38,57,39,58,49,36,50
,18,79,91,74,45,52,53,62,38,57,45,53,49,39,48
,19,79,92,74,46,52,52,62,38,57,41,55,49,36,47
,20,79,92,75,47,52,52,63,38,56,42,57,49,35,46
,21,80,92,76,48,53,52,63,39,56,43,54,49,45,45
,22,80,93,77,49,53,51,63,40,55,42,46,49,41,45
,23,80,93,77,49,52,51,63,41,54,41,39,49,34,44
24/11/1999,0,80,92,78,49,52,50,63,41,53,41,38,48,35,45
,1,80,92,78,49,52,51,65,41,52,41,38,48,35,45
,2,80,92,78,49,51,51,65,41,52,41,38,48,35,45
,3,80,92,78,49,51,51,65,40,51,41,38,48,36,45
,4,81,91,78,49,51,51,65,40,51,40,38,48,36,46
,5,81,90,78,49,51,50,64,40,51,40,39,48,36,46
,6,80,89,78,48,50,50,63,40,51,40,38,48,37,45
,7,79,88,78,47,49,49,62,39,50,38,38,48,,45
,8,78,86,77,46,48,48,60,37,49,37,38,47,,43
,9,77,84,75,44,47,46,59,37,47,35,37,47,,39
,10,76,83,75,43,47,46,58,36,47,35,36,46,,37
,11,75,83,74,43,46,46,58,36,47,35,,47,,38
,12,75,82,73,44,46,47,58,37,46,35,,48,,39
,13,75,81,73,43,46,47,57,35,45,35,,49,,40
,14,74,81,71,43,45,47,57,34,45,35,,51,,41
,15,74,79,70,43,45,46,56,34,45,35,,52,,42
,16,74,78,69,43,46,49,54,34,46,34,,53,,43
,17,73,76,66,42,46,54,53,34,48,34,,54,,45
,18,73,77,64,43,46,56,53,35,49,35,,54,,46
,19,73,77,63,47,46,53,53,36,50,34,,54,,48
,20,72,77,63,46,46,55,53,37,51,34,,55,,49
,21,72,78,63,47,47,57,53,38,51,33,,55,,50
,22,72,78,63,49,46,59,53,38,51,33,,55,,51
,23,73,78,63,51,47,60,54,39,51,32,,57,,51
25/11/1999,0,75,78,63,53,48,62,55,40,52,32,,58,,51
,1,76,78,65,56,49,62,56,40,,33,,61,,52
,2,78,79,66,59,50,65,58,41,,34,,63,,52
,3,78,80,67,61,52,67,59,42,,36,,66,,52
,4,78,83,69,64,53,70,61,42,,37,,68,,53
,5,79,84,70,67,55,72,64,43,,39,,71,,53
,6,81,86,72,69,56,73,66,43,,40,,73,,54
,7,83,89,73,71,58,75,68,45,,42,,74,52,55
,8,85,89,77,74,60,78,70,48,,46,,77,53,56
,9,87,94,82,77,62,82,73,50,,46,,81,54,57
,10,89,99,87,81,63,87,75,52,,46,,85,57,62
,11,90,103,91,84,65,90,77,52,85,47,,88,70,68
,12,90,104,94,85,65,93,78,53,86,49,,90,71,71
,13,92,106,96,86,65,95,79,53,86,49,,91,71,74
,14,92,107,96,87,66,95,80,54,87,50,,91,72,75
,15,95,109,96,88,66,97,81,54,87,51,,91,72,75
,16,96,110,98,88,67,98,83,55,88,51,,93,72,76
,17,97,111,98,89,68,97,84,55,89,52,,95,73,77
,18,97,112,99,90,68,97,86,55,90,53,,95,74,79
,19,97,112,100,89,68,96,87,55,90,53,,96,75,79
,20,97,113,100,87,67,95,88,55,90,54,,96,76,80
,21,97,112,99,85,67,93,88,54,90,54,,97,77,81
,22,96,113,99,83,67,94,88,54,89,54,,97,76,81
,23,94,113,99,81,66,93,88,54,88,54,,97,76,81
26/11/1999,0,92,112,98,78,65,91,86,54,86,54,,95,75,80
,1,89,110,96,75,64,89,84,54,83,54,,96,74,79
,2,87,109,94,72,61,86,82,54,81,53,50,94,72,77
,3,86,107,93,69,60,87,80,54,79,53,51,91,71,76
,4,85,105,91,66,58,84,78,55,77,54,52,88,69,74
,5,86,104,90,64,59,82,76,56,75,55,53,86,67,73
,6,87,102,90,64,58,81,75,58,74,57,55,84,67,72
,7,88,100,89,65,58,79,74,59,72,58,56,83,68,70
,8,88,100,87,65,59,76,73,60,70,58,58,81,68,68
,9,87,97,84,64,62,72,71,60,68,59,59,78,68,65
,10,87,94,80,64,62,67,69,60,66,60,59,73,67,63
,11,87,91,78,64,62,64,68,61,65,60,60,68,66,62
,12,88,89,76,64,62,63,67,61,65,61,60,65,63,62
,13,88,88,75,65,62,63,66,62,65,61,60,65,61,61
,14,88,86,74,65,63,63,66,62,64,61,60,65,59,61
,15,88,84,73,65,62,63,66,63,64,61,61,65,59,61
,16,88,82,72,64,63,63,66,63,64,62,60,65,59,61
,17,89,80,72,64,63,63,66,64,64,62,61,64,59,60
,18,89,78,72,64,63,63,66,64,64,62,61,64,59,60
,19,89,77,72,64,63,63,66,65,64,62,61,64,59,59
,20,88,76,72,65,64,64,66,65,65,62,61,64,59,59
,21,89,74,72,65,64,64,66,65,65,62,62,65,60,59
,22,89,73,72,65,64,64,66,65,65,63,62,66,60,59
,23,89,71,72,65,64,64,66,65,65,63,62,,61,60
27/11/1999,0,89,71,73,66,65,64,67,66,65,63,63,,61,60
,1,89,71,73,66,65,65,67,66,66,64,63,,61,60
,2,90,71,74,67,65,65,68,67,66,64,63,,62,60
,3,90,71,73,67,65,64,67,67,66,64,63,,62,61
,4,89,71,72,66,64,64,66,66,66,64,62,,62,61
,5,87,70,71,64,62,63,64,64,64,63,61,,61,61
,6,85,69,69,62,61,61,62,63,62,61,59,,60,59
,7,83,68,68,60,59,60,60,61,60,60,58,,58,58
,8,81,67,66,59,58,59,59,59,59,58,57,,57,57
,9,79,66,65,58,57,58,57,58,58,57,56,,56,56
,10,78,66,64,57,56,57,56,58,58,56,55,,55,56
,11,77,65,63,56,56,56,57,57,58,56,55,,55,55
,12,77,65,63,56,56,56,57,57,58,56,55,,55,55
,13,77,65,63,56,55,56,57,57,58,56,55,,56,55
,14,78,66,63,56,55,56,57,57,58,56,55,,56,56
,15,78,67,63,56,55,56,57,57,58,56,55,,58,56
,16,79,68,63,57,56,57,57,57,59,56,56,,72,56
,17,79,69,63,57,56,61,57,57,59,56,56,,63,56
,18,79,73,64,57,56,71,57,57,60,56,56,,59,57
,19,79,74,65,58,56,62,58,57,60,56,56,,60,59
,20,80,76,65,59,56,60,58,57,60,56,56,,61,60
,21,80,78,65,59,56,61,58,58,61,57,56,,62,62
,22,80,79,65,59,56,61,58,58,61,57,55,,63,63
,23,80,80,66,60,56,62,58,59,62,57,56,,64,64
28/11/1999,0,80,81,66,60,56,62,58,59,62,58,56,,65,65
,1,81,81,66,61,56,63,59,60,63,59,56,,66,66
,2,81,81,67,61,57,63,59,60,63,59,56,,66,67
,3,81,81,67,62,57,64,60,61,63,60,56,,67,67
,4,81,81,67,62,57,64,60,61,64,60,55,,67,67
,5,82,81,68,62,57,64,60,61,64,60,55,,67,68
,6,82,81,68,63,58,64,60,61,64,60,54,,67,68
,7,82,81,68,63,57,64,60,61,64,60,53,,67,68
,8,82,80,67,63,57,63,59,61,64,60,52,,67,68
,9,83,79,67,63,56,63,59,61,64,60,52,,68,68
,10,82,78,66,62,56,62,59,62,63,59,51,,67,68
,11,82,78,66,62,55,62,58,62,62,59,50,,67,68
,12,81,77,65,62,55,62,58,62,62,58,49,,67,68
,13,80,77,64,62,54,61,58,61,61,58,47,,67,68
,14,78,75,64,61,54,61,57,61,60,57,45,,67,68
,15,77,74,63,61,53,60,56,61,59,57,43,,67,67
,16,76,72,62,60,53,59,55,,58,57,42,,67,67
,17,75,70,61,59,52,57,55,,57,56,40,,,67
,18,74,66,59,58,52,56,53,,56,55,38,,,66
,19,73,63,58,57,51,54,52,,55,55,36,,,64
,20,71,60,56,55,51,53,51,,54,54,35,,,62
,21,70,58,56,55,50,52,51,,53,53,35,,,61
,22,69,56,55,54,49,51,50,,52,53,34,,,59
,23,68,55,54,54,49,50,50,,51,52,33,,,58
29/11/1999,0,68,54,53,53,48,48,49,,50,51,31,,,57
,1,67,54,52,52,45,46,47,,48,49,30,,,55
,2,67,54,52,51,42,45,45,,47,48,30,,,54
,3,67,53,51,51,41,43,44,,45,46,29,,,54
,4,67,54,50,50,39,42,43,,44,,30,,,54
,5,67,54,50,49,38,41,42,,43,,30,,,53
,6,67,54,49,47,38,41,42,,42,,30,,,53
,7,67,55,48,47,38,40,42,,41,,31,,,53
,8,67,56,48,47,38,41,42,,41,,31,,,53
,9,68,57,49,47,39,41,43,,41,,32,,,53
,10,68,59,49,47,38,41,43,,42,,32,,,
,11,69,60,49,48,39,41,44,,42,,33,,,
,12,69,61,49,48,39,42,42,,42,,34,,,
,13,70,63,50,49,40,42,43,,43,,36,,,
,14,70,65,50,49,41,43,43,,43,,38,,,
,15,71,67,50,50,42,45,44,,44,,39,,,
,16,72,70,59,50,42,47,45,45,46,,39,49,,
,17,73,72,55,51,43,48,47,46,47,,37,50,,
,18,73,74,52,51,43,49,48,48,49,,37,51,,
,19,74,75,53,52,44,50,49,49,50,,38,52,,
,20,75,76,54,52,44,50,50,50,50,,39,52,,
,21,75,78,54,52,44,50,50,50,51,,40,52,,
,22,76,79,54,53,45,51,51,51,51,,40,53,,
,23,76,80,55,53,46,51,51,51,51,,41,,,
30/11/1999,0,77,80,55,53,46,51,51,51,51,,42,,64,
,1,78,81,56,53,46,51,51,51,51,,42,,63,
,2,78,81,57,53,47,51,51,52,52,,43,,62,
,3,79,82,58,54,47,51,52,52,52,,44,,62,
,4,80,82,58,54,48,52,52,52,52,,45,,61,
,5,81,83,59,54,48,52,52,53,53,,45,,61,58
,6,81,84,59,54,49,52,52,53,53,,46,,60,58
,7,82,85,60,55,50,52,53,53,53,,47,,60,58
,8,83,86,60,55,50,52,53,53,53,56,47,,60,58
,9,83,87,61,55,50,53,53,53,53,56,48,,60,59
,10,82,86,61,55,51,53,53,53,53,56,48,,60,59
,11,83,86,61,55,51,53,53,53,53,57,49,,60,60
,12,81,85,61,54,51,52,52,53,53,57,49,,60,60
,13,80,83,61,54,51,52,52,53,53,56,49,,61,60
,14,78,82,60,53,50,52,52,52,53,55,48,,61,60
,15,78,82,61,54,50,61,52,51,54,55,48,,61,61
,16,80,83,58,55,52,68,63,51,62,54,49,,60,63
,17,82,85,78,60,60,69,75,51,66,56,49,,61,64
,18,85,87,67,61,63,62,62,52,60,57,50,,62,65
,19,86,89,64,58,54,57,62,53,59,58,50,,63,66
,20,87,90,66,59,55,58,63,55,60,59,50,,64,67
,21,87,91,67,60,56,59,65,56,61,60,51,,65,69
,22,88,92,70,61,56,60,67,58,63,61,52,,67,71
,23,89,94,72,62,57,63,68,59,64,63,52,67,68,73
